{
    "rewrites": [
        {
            "source": "/((?!_expo|assets|favicon.ico|index.html).*)",
            "destination": "/index.html"
        }
    ],
    "headers": [
        {
            "source": "/_expo/static/(.*)",
            "headers": [
                {
                    "key": "Cache-Control",
                    "value": "public, max-age=31536000, immutable"
                }
            ]
        },
        {
            "source": "/(.*)",
            "headers": [
                {
                    "key": "X-Content-Type-Options",
                    "value": "nosniff"
                },
                {
                    "key": "X-Frame-Options",
                    "value": "DENY"
                },
                {
                    "key": "X-XSS-Protection",
                    "value": "1; mode=block"
                }
            ]
        }
    ]
}